本数据供邢不行数字货币量化课程、策略分享会专用，由邢不行整理，微信：xbx6660		
candle_begin_time,open,high,low,close,volume,quote_volume,trade_num,taker_buy_base_asset_volume,taker_buy_quote_asset_volume,Spread,symbol,avg_price_1m,avg_price_5m,fundingRate
2024-04-18 07:00:00,16.641,16.747,16.236,16.43,231.55,3817.6596,52,93.78,1553.66982,,NEOUSDC,16.641000000000002,16.641000000000002,
2024-04-18 08:00:00,16.477,16.671,16.299,16.526,1119.98,18532.7929,116,726.16,12023.6274,,NEOUSDC,16.477,16.477,
2024-04-18 09:00:00,16.555,17.049,16.541,16.966,3197.76,53577.71002,221,2429.23,40770.98524,,NEOUSDC,16.566812144212527,16.5699869013784,
2024-04-18 10:00:00,17.011,17.166,16.863,17.096,744.99,12676.68261,86,256.8,4370.25269,,NEOUSDC,17.011,16.99099600798403,
2024-04-18 11:00:00,17.125,17.67,17.125,17.269,1628.92,28402.50695,216,886.6700000000001,15481.71832,,NEOUSDC,17.129096482736365,17.190662606288257,
2024-04-18 12:00:00,17.243,17.525,17.156,17.208,1777.56,30762.56537,113,1004.98,17449.935879999997,,NEOUSDC,17.253104158718045,17.25655207935902,
2024-04-18 13:00:00,17.304,18.205,17.267,17.886,19711.9,352589.28635,1104,10291.61,184049.65294,,NEOUSDC,17.295804895352962,17.295804895352962,
2024-04-18 14:00:00,17.933,18.488,17.79,18.258,4953.12,89540.47229,351,2918.34,52748.86701,,NEOUSDC,17.914236241610737,17.88133322907121,
2024-04-18 15:00:00,18.319,18.495,17.928,17.978,5548.87,101250.78355,780,2939.33,53642.44796,,NEOUSDC,18.394956335973323,18.322907520579317,
2024-04-18 16:00:00,17.984,18.03,17.683,17.818,2171.63,38643.99729,719,835.97,14881.35593,,NEOUSDC,17.98908280254777,17.938565227530198,
2024-04-18 17:00:00,17.807,17.885,17.572,17.572,1647.06,29180.02812,346,354.6,6286.60677,,NEOUSDC,17.825726694915254,17.836296497436877,
2024-04-18 18:00:00,17.568,17.713,17.432,17.673,851.77,14955.923,75,361.42,6355.702789999999,,NEOUSDC,17.567999999999998,17.59298020710059,
2024-04-18 19:00:00,17.734,18.181,17.725,18.024,3478.63,62647.11289,219,1931.33,34732.78939,,NEOUSDC,17.74599644760213,17.749901793502566,
2024-04-18 20:00:00,17.938,18.423,17.847,18.413,2207.45,39970.19648,137,1459.86,26481.78163,,NEOUSDC,17.92076987667279,17.92076987667279,
2024-04-18 21:00:00,18.433,18.688,18.271,18.49,3217.4,59390.55642,193,1518.5,28054.61046,,NEOUSDC,18.425010252029047,18.41138491567841,
2024-04-18 22:00:00,18.515,18.84,18.433,18.746,6697.58,124853.17073,346,4940.25,92182.33271,,NEOUSDC,18.530106172839503,18.60826452454745,
2024-04-18 23:00:00,18.726,18.726,18.282,18.473,3599.86,66372.74596,230,2108.17,38819.88763,,NEOUSDC,18.71657230941704,18.67792765607228,
2024-04-19 00:00:00,18.468,19.797,18.467,19.164,10556.87,201746.66903,749,5825.61,111202.1355,,NEOUSDC,18.53838369929289,18.838797249123463,
2024-04-19 01:00:00,19.172,19.248,17.905,17.934,9674.64,178353.23452,778,3252.44,60215.09397,,NEOUSDC,19.172,19.170436311644256,
2024-04-19 02:00:00,18.004,18.055,17.047,17.873,15309.51,267769.59523,1227,4857.68,85095.5307,,NEOUSDC,17.91158199504979,17.990719509059836,
2024-04-19 03:00:00,17.87,18.493,17.822,18.072,8641.99,156315.3272,953,5078.46,91966.01297,,NEOUSDC,17.88661244368684,17.89721867733904,
2024-04-19 04:00:00,18.089,18.993,18.057,18.856,15509.34,286251.52397,987,13221.91,243723.40863,,NEOUSDC,18.08230266702586,18.223432813365548,
2024-04-19 05:00:00,18.797,18.863,18.3,18.431,10831.38,199897.47818,767,2099.71,38854.19623,,NEOUSDC,18.82273725878278,18.77501135181168,
2024-04-19 06:00:00,18.436,19.593,18.278,19.242,8304.210000000001,155773.69677,822,3660.79,69361.02168,,NEOUSDC,18.417876309226934,18.36277039474428,
2024-04-19 07:00:00,19.238,19.374,18.976,19.092,6129.04,117267.08176,905,3487.76,66697.93867,,NEOUSDC,19.24475140681893,19.29877531097979,
2024-04-19 08:00:00,19.114,19.226,18.649,18.82,5050.02,95373.05685,503,1686.19,31993.17755,,NEOUSDC,19.114,19.06848147373542,
2024-04-19 09:00:00,18.815,18.83,18.493,18.688,1652.88,30888.93146,340,678.02,12685.98668,,NEOUSDC,18.80937056665308,18.79866814173404,
2024-04-19 10:00:00,18.691,18.771,18.57,18.722,4857.11,90407.70019,282,3615.12,67270.16065,,NEOUSDC,18.68874070351759,18.64836159854543,
2024-04-19 11:00:00,18.702,18.955,18.696,18.728,1842.83,34727.45586,326,1010.88,19063.3649,,NEOUSDC,18.702,18.73699105559345,
2024-04-19 12:00:00,18.739,18.756,18.379,18.379,5075.03,94483.84977,446,1240.69,23137.40571,,NEOUSDC,18.735930213884224,18.692356046808687,
2024-04-19 13:00:00,18.401,18.446,18.009,18.207,3686.0,67137.99284,625,1207.44,22012.93644,,NEOUSDC,18.416956099274174,18.394433160353994,
2024-04-19 14:00:00,18.207,18.316,17.905,18.148,3754.83,68084.94401,599,1059.67,19244.20776,,NEOUSDC,18.212820389285028,18.233253343145662,
2024-04-19 15:00:00,18.116,18.312,18.075,18.157,2289.21,41642.71747,626,1410.07,25652.91632,,NEOUSDC,18.116,18.116556838456308,
2024-04-19 16:00:00,18.16,18.278,17.874,18.148,3235.44,58481.18872,766,1490.32,26950.97543,,NEOUSDC,18.15301371082621,18.176373721515592,
2024-04-19 17:00:00,18.135,18.319,18.088,18.238,2191.84,39836.12525,668,1223.0,22238.74087,,NEOUSDC,18.124629276969763,18.142495747834868,
2024-04-19 18:00:00,18.225,18.225,18.123,18.221,1633.71,29682.41095,426,618.84,11249.98487,,NEOUSDC,18.196337535014003,18.17145954170912,
2024-04-19 19:00:00,18.203,18.339,18.151,18.328,1320.94,24079.83117,462,642.43,11714.04651,,NEOUSDC,18.194163733830557,18.20356832775905,
2024-04-19 20:00:00,18.316,18.364,18.09,18.187,1707.98,31169.49689,409,1022.73,18682.29062,,NEOUSDC,18.300513812154698,18.29514555187488,
2024-04-19 21:00:00,18.191,18.417,18.191,18.393,644.08,11785.41618,205,347.55,6361.13493,,NEOUSDC,18.21535725308642,18.248401952284546,
2024-04-19 22:00:00,18.385,18.712,18.375,18.42,3880.6,71934.16771,703,2072.65,38426.33071,,NEOUSDC,18.380194244604315,18.37817090243149,
2024-04-19 23:00:00,18.421,18.439,17.952,18.253,5478.53,99589.43469,979,1857.65,33830.61187,,NEOUSDC,18.43212612448887,18.238193511241622,
2024-04-20 00:00:00,18.237,18.493,17.793,17.966,13504.9,244640.5762,1714,6720.74,121971.83699,,NEOUSDC,18.191434278350517,18.088219244482623,
2024-04-20 01:00:00,17.96,18.243,17.878,18.168,6267.51,113267.05084,780,3966.4,71778.82482,,NEOUSDC,17.95648861535687,17.921221970957426,
2024-04-20 02:00:00,18.169,18.412,18.034,18.225,5640.31,103002.18781,1128,2908.12,53090.14408,,NEOUSDC,18.16881251323312,18.166676684676656,
2024-04-20 03:00:00,18.223,18.493,18.002,18.247,17740.68,323574.14506,1898,11827.75,215827.25688,,NEOUSDC,18.206598408764837,18.2034638392556,
2024-04-20 04:00:00,18.247,18.397,18.169,18.328,11352.3,207545.58464,1306,3506.7200000000003,64046.75808,,NEOUSDC,18.247563800697183,18.25952414297212,
2024-04-20 05:00:00,18.328,18.347,18.184,18.227,5413.03,98849.73738,981,1519.59,27735.39708,,NEOUSDC,18.3166383744856,18.30212186858507,
2024-04-20 06:00:00,18.216,18.403,18.119,18.339,3248.5,59353.05243,873,1214.45,22188.37571,,NEOUSDC,18.213757295719844,18.19036843766661,
2024-04-20 07:00:00,18.349,18.377,18.23,18.298,2067.1,37827.65697,679,614.74,11255.22696,,NEOUSDC,18.35695519125683,18.35655596447193,
2024-04-20 08:00:00,18.311,18.318,18.097,18.136,3132.56,56996.27612,801,1173.31,21353.50002,,NEOUSDC,18.283717962145584,18.281499815086484,
2024-04-20 09:00:00,18.137,18.145,17.861,17.985,4871.49,87647.47008,911,2237.36,40251.11546,,NEOUSDC,18.14212669683258,18.10057777799895,
2024-04-20 10:00:00,17.999,18.07,17.861,17.988,3877.68,69681.06796,814,1406.24,25296.05095,,NEOUSDC,17.999,18.00186164184417,
2024-04-20 11:00:00,17.989,18.1,17.927,17.969,2478.85,44660.1303,593,484.06,8723.58773,,NEOUSDC,17.988999999999997,17.983339177888126,
2024-04-20 12:00:00,17.961,18.316,17.885,18.112,6371.9,115677.3473,952,3441.29,62562.907360000005,,NEOUSDC,17.95498092105263,17.95973210778671,
2024-04-20 13:00:00,18.122,18.408,18.122,18.261,4623.19,84360.40884,1085,2214.24,40381.8107,,NEOUSDC,18.140797926918648,18.1775677599,
2024-04-20 14:00:00,18.259,18.325,17.958,18.087,5591.48,101479.61238,951,2396.44,43459.44628,,NEOUSDC,18.261364602228557,18.28073906555601,
2024-04-20 15:00:00,18.088,18.451,18.029,18.408,2968.88,54187.47324,649,1379.47,25182.51822,,NEOUSDC,18.088,18.094317404787773,
2024-04-20 16:00:00,18.411,18.471,18.225,18.345,4582.19,84036.89948,1173,2159.5,39611.20218,,NEOUSDC,18.393333722848503,18.388637891606187,
2024-04-20 17:00:00,18.344,18.679,18.344,18.633,4834.63,89663.37481,941,3514.9700000000003,65198.17199,,NEOUSDC,18.348695996480423,18.38939337822325,
2024-04-20 18:00:00,18.628,18.717,18.446,18.583,4361.96,81108.47457,910,1243.12,23130.80892,,NEOUSDC,18.61593628870573,18.63035855671784,
2024-04-20 19:00:00,18.582,18.61,18.486,18.559,2075.68,38518.47835,646,892.57,16559.98601,,NEOUSDC,18.602499622926093,18.586093334473595,
2024-04-20 20:00:00,18.558,18.651,18.513,18.636,1656.38,30808.59869,587,811.26,15090.49203,,NEOUSDC,18.555877987631625,18.58973733447851,
2024-04-20 21:00:00,18.634,18.664,18.508,18.546,2640.47,49065.10264,529,649.78,12073.96689,,NEOUSDC,18.628770955882352,18.615840064155275,
2024-04-20 22:00:00,18.559,18.796,18.507,18.652,5671.36,106114.12632,959,3921.67,73415.35312,,NEOUSDC,18.561060770975057,18.553933007887924,
2024-04-20 23:00:00,18.65,18.929,18.64,18.929,5583.77,104589.23088,799,4648.56,87063.29647,,NEOUSDC,18.6511729807005,18.676163107941672,
2024-04-21 00:00:00,18.922,18.929,18.26,18.458,5878.7,109145.98924,943,1860.94,34500.18695,,NEOUSDC,18.88677317457728,18.78576822876688,
2024-04-21 01:00:00,18.434,18.598,18.434,18.5,2719.4,50395.53795,424,1299.31,24071.30778,,NEOUSDC,18.477337209302327,18.511290493191687,
2024-04-21 02:00:00,18.503,18.774,18.491,18.617,3295.77,61391.1294,805,1957.51,36480.26103,,NEOUSDC,18.51378854892457,18.52429084728312,
2024-04-21 03:00:00,18.611,18.676,18.382,18.483,2776.92,51413.64559,488,805.14,14913.01253,,NEOUSDC,18.60904726027397,18.585703887143342,
2024-04-21 04:00:00,18.475,18.528,18.32,18.497,3591.0,66147.33601,655,1079.15,19906.14469,,NEOUSDC,18.475,18.449587976091173,
2024-04-21 05:00:00,18.498,18.592,18.355,18.42,3746.13,69261.75031,565,2196.24,40627.82745,,NEOUSDC,18.506366438356164,18.500730865381904,
2024-04-21 06:00:00,18.412,18.511,18.354,18.429,2269.29,41828.03783,451,1194.64,22026.51084,,NEOUSDC,18.385919649960226,18.4004102777764,
2024-04-21 07:00:00,18.429,18.477,18.321,18.452,2058.05,37853.16632,358,1101.36,20264.60888,,NEOUSDC,18.42857503001201,18.4398954437589,
2024-04-21 08:00:00,18.439,18.5,18.302,18.375,3582.05,65846.45815,524,1735.04,31908.26746,,NEOUSDC,18.431103610959894,18.44433912592408,
2024-04-21 09:00:00,18.387,18.578,18.322,18.531,5937.65,109449.06262,843,2389.89,44067.18086,,NEOUSDC,18.399734122712594,18.39788669261746,
2024-04-21 10:00:00,18.531,18.733,18.46,18.522,14781.44,274975.54515,1800,7669.26,142751.30689,,NEOUSDC,18.523958589000028,18.62358145767497,
2024-04-21 11:00:00,18.549,19.264,18.44,19.076,16594.5,313317.57056,1809,10638.56,201268.45918,,NEOUSDC,18.5296352739726,18.550516300531225,
2024-04-21 12:00:00,19.084,19.502,18.906,19.446,33242.5,638348.62117,2870,14473.94,278058.5183,,NEOUSDC,19.194356989326327,19.183097172984997,
2024-04-21 13:00:00,19.439,20.179,19.427,19.611,35898.08,711069.61229,3398,17118.23,338768.10367,,NEOUSDC,19.505882896074144,19.719039799404857,
2024-04-21 14:00:00,19.61,19.827,19.382,19.641,21538.88,423282.1682,2214,10609.73,208650.15008,,NEOUSDC,19.593216376300568,19.67316844828514,
2024-04-21 15:00:00,19.638,19.734,19.423,19.518,20417.55,399289.20539,2483,10093.65,197258.49864,,NEOUSDC,19.637515535554748,19.659697065033303,
2024-04-21 16:00:00,19.526,19.562,18.939,19.044,15932.25,306316.84817,2376,6660.56,127969.14534,,NEOUSDC,19.53769595645412,19.47956756576354,
2024-04-21 17:00:00,19.026,19.208,18.747,19.122,10533.57,199823.87183,1640,5488.09,104126.58969,,NEOUSDC,19.023166591012256,19.00372724653805,
2024-04-21 18:00:00,19.123,19.356,19.058,19.308,8768.53,168620.99664,1354,4595.66,88420.74217,,NEOUSDC,19.12024300331026,19.11661821881831,
2024-04-21 19:00:00,19.308,19.4,19.234,19.234,8186.12,158021.75805,1111,2840.23,54846.70142,,NEOUSDC,19.31111057124097,19.35142445671983,
2024-04-21 20:00:00,19.234,19.315,19.119,19.308,9205.36,176817.43294,1665,4317.54,82930.70644,,NEOUSDC,19.18232545184452,19.217292721214896,
2024-04-21 21:00:00,19.309,19.529,19.281,19.311,4488.92,87001.94045,940,2028.38,39315.79609,,NEOUSDC,19.30944772595876,19.36034689957196,
2024-04-21 22:00:00,19.302,19.441,19.205,19.285,4853.9,93732.45112,1095,1929.26,37268.79497,,NEOUSDC,19.30871469740634,19.266105739583715,
2024-04-21 23:00:00,19.286,19.711,19.131,19.224,15901.42,307453.72653,1610,11504.64,222820.74172,,NEOUSDC,19.28591028302917,19.26592749422179,
2024-04-22 00:00:00,19.21,20.064,19.197,19.752,27929.98,552233.98864,3042,13620.18,269217.69115,,NEOUSDC,19.21322083333333,19.32019211695624,
2024-04-22 01:00:00,19.74,19.996,19.564,19.743,6114.11,120785.23796,1268,3166.85,62599.11955,,NEOUSDC,19.71859826349566,19.69026312456832,
2024-04-22 02:00:00,19.722,20.159,19.714,19.895,14548.75,289875.47292,2363,7602.48,151572.23325,,NEOUSDC,19.781246207260924,19.87639790876941,
2024-04-22 03:00:00,19.904,20.266,19.693,20.095,14142.87,281350.48307,2091,6855.05,136475.02067,,NEOUSDC,19.866102833448515,19.812534566536836,
2024-04-22 04:00:00,20.106,20.173,19.944,20.089,6406.78,128331.53146,1183,2920.97,58500.79457,,NEOUSDC,20.080749811178247,20.0803507245718,
2024-04-22 05:00:00,20.062,20.109,19.83,19.993,9343.39,186373.55646,1263,6317.4,126066.67565,,NEOUSDC,20.082881790683604,20.030148839987103,
2024-04-22 06:00:00,19.99,20.11,19.867,19.927,10330.04,206263.33537,1509,5825.2,116423.50676,,NEOUSDC,19.986370109961985,19.96065908979257,
2024-04-22 07:00:00,19.916,19.95,19.661,19.783,8577.619999999999,169769.93286,1490,3069.68,60799.57911,,NEOUSDC,19.93256907177987,19.90933679865232,
2024-04-22 08:00:00,19.787,19.87,19.663,19.71,5900.09,116569.14362,1475,3520.26,69557.64184,,NEOUSDC,19.79790266666667,19.775962344229637,
2024-04-22 09:00:00,19.72,19.971,19.643,19.882,8299.48,164573.78879,1614,3616.78,71712.41717,,NEOUSDC,19.7330738045738,19.703504494813405,
2024-04-22 10:00:00,19.873,19.954,19.67,19.735,4485.74,88843.14366,1126,2173.71,43036.48456,,NEOUSDC,19.86367686424474,19.88609716465205,
2024-04-22 11:00:00,19.739,19.763,19.477,19.547,7211.16,141232.83828,1282,3687.65,72241.77087,,NEOUSDC,19.745041664441,19.731633391596016,
2024-04-22 12:00:00,19.54,19.78,19.533,19.71,8611.95,169267.01047,1393,4347.82,85455.7732,,NEOUSDC,19.543285225885224,19.582775939663897,
2024-04-22 13:00:00,19.715,19.816,19.464,19.608,9664.94,189618.74002,1660,4651.22,91255.70783,,NEOUSDC,19.70283038291846,19.735544053429617,
2024-04-22 14:00:00,19.608,19.639,19.455,19.524,8549.82,167083.5421,1496,4469.2,87328.44645,,NEOUSDC,19.62086509108813,19.60446505164002,
2024-04-22 15:00:00,19.519,19.543,19.339,19.539,5330.57,103623.24722,1211,2762.98,53735.51402,,NEOUSDC,19.51156753220612,19.432542016844348,
2024-04-22 16:00:00,19.533,19.631,19.366,19.482,5884.76,114882.90467,1331,3174.7,61987.17962,,NEOUSDC,19.512318737270878,19.52782206599005,
2024-04-22 17:00:00,19.485,19.638,19.435,19.573,5920.03,115629.015,1355,2736.35,53438.95049,,NEOUSDC,19.48838113429327,19.504350520847623,
2024-04-22 18:00:00,19.57,19.696,19.544,19.663,6840.79,134355.90118,1330,2828.61,55534.03501,,NEOUSDC,19.55602438202247,19.580108921968726,
2024-04-22 19:00:00,19.657,19.743,19.572,19.723,6807.29,133713.76965,1206,2912.86,57248.08044,,NEOUSDC,19.659428986710964,19.65408595031505,
2024-04-22 20:00:00,19.724,19.773,19.629,19.689,8549.119999999999,168381.74679,1505,4586.08,90343.02693,,NEOUSDC,19.720480255164038,19.72204679420536,
2024-04-22 21:00:00,19.699,19.701,19.603,19.659,3513.69,69075.68957,844,1866.55,36698.64408,,NEOUSDC,19.69890184501845,19.673461340623223,
2024-04-22 22:00:00,19.655,19.848,19.652,19.833,5615.4,110843.46269,1193,3630.64,71693.34228,,NEOUSDC,19.66585044359949,19.69905477014561,
2024-04-22 23:00:00,19.836,19.947,19.696,19.79,13069.09,258897.14456,2446,6857.38,135812.75746,,NEOUSDC,19.828568611825776,19.8152131616163,
2024-04-23 00:00:00,19.783,20.593,19.61,20.333,44385.41,892974.28378,8280,25459.07,511779.7825,,NEOUSDC,19.786278419744477,19.86021717876784,
2024-04-23 01:00:00,20.333,20.544,19.95,19.973,24407.74,493859.56449,5774,11442.78,231397.25432,,NEOUSDC,20.33010498713313,20.433134083705955,
2024-04-23 02:00:00,19.975,20.094,19.673,19.734,23073.43,459323.32368,3335,7039.24,140244.39335,,NEOUSDC,19.96959558015719,20.00485690253301,
2024-04-23 03:00:00,19.732,19.875,19.509,19.522,14575.35,287432.46947,2423,7555.78,149147.36753,,NEOUSDC,19.71992327725769,19.763164326870186,
2024-04-23 04:00:00,19.519,19.668,19.264,19.404,15686.86,305911.38166,2445,7292.23,142370.76201,,NEOUSDC,19.555248085014565,19.59762482652685,
2024-04-23 05:00:00,19.393,19.675,19.38,19.552,12113.3,236562.56268,1749,5938.33,115901.62212,,NEOUSDC,19.390343006008976,19.40611988996711,
2024-04-23 06:00:00,19.556,19.77,19.424,19.516,16775.25,329365.22965,1878,11097.42,217993.33924,,NEOUSDC,19.543417711411003,19.578807614738917,
2024-04-23 07:00:00,19.501,19.589,19.3,19.456,14168.44,275526.92491,1847,8879.26,172624.11642,,NEOUSDC,19.50602810239288,19.5326638008461,
2024-04-23 08:00:00,19.443,19.628,19.33,19.6,11298.45,220159.14044,1509,6100.12,118897.60149,,NEOUSDC,19.448781863281532,19.44745214126673,
2024-04-23 09:00:00,19.602,19.7,19.533,19.597,5688.75,111548.59643,1222,2831.11,55526.22317,,NEOUSDC,19.612056434599157,19.627316634099817,
2024-04-23 10:00:00,19.594,20.183,19.589,19.892,30656.98,612326.39642,3958,14727.47,294151.13372,,NEOUSDC,19.610479735471237,19.656741941741977,
2024-04-23 11:00:00,19.903,19.925,19.381,19.489,23150.32,452412.75447,2495,10102.98,197248.91547,,NEOUSDC,19.895695306602725,19.691196021309786,
2024-04-23 12:00:00,19.494,19.494,19.14,19.363,22833.73,440206.82457,2458,9389.42,181035.49381,,NEOUSDC,19.45651197776926,19.435920741352632,
2024-04-23 13:00:00,19.352,19.451,19.196,19.349,14992.77,289615.28503,2207,7413.49,143193.57386,,NEOUSDC,19.365994321313448,19.322278530165185,
2024-04-23 14:00:00,19.365,19.529,19.277,19.423,17245.64,334579.54255,2064,7985.14,154970.33195,,NEOUSDC,19.35944001383963,19.3211021830285,
2024-04-23 15:00:00,19.432,19.474,19.184,19.216,8755.1,169322.4779,1494,5420.57,104889.47066,,NEOUSDC,19.42730125424921,19.40235911715485,
2024-04-23 16:00:00,19.225,19.451,19.14,19.36,15274.62,295532.89565,2033,6325.59,122461.02601,,NEOUSDC,19.2168558508418,19.20699390267536,
2024-04-23 17:00:00,19.354,19.435,19.223,19.342,9416.83,182166.39815,1422,4931.4,95421.80399,,NEOUSDC,19.353402185223725,19.36273734695757,
2024-04-23 18:00:00,19.348,19.36,19.181,19.307,10554.43,203656.48839,1616,5020.21,96884.86631,,NEOUSDC,19.342834685681503,19.342241358137706,
2024-04-23 19:00:00,19.31,19.333,19.22,19.277,6308.4800000000005,121588.80718,1137,2743.48,52874.86132,,NEOUSDC,19.292230044983786,19.299649189226344,
2024-04-23 20:00:00,19.276,19.32,19.057,19.237,6938.61,133253.55436,1143,3498.41,67209.0747,,NEOUSDC,19.260729060451563,19.27835599910119,
2024-04-23 21:00:00,19.236,19.253,19.012,19.028,4855.75,92733.93389,856,2363.17,45139.985,,NEOUSDC,19.21836605182257,19.204820525094657,
2024-04-23 22:00:00,19.036,19.09,18.86,18.901,9408.12,178548.01523,1181,4307.87,81801.37847,,NEOUSDC,18.99780912201034,18.977301315779663,
2024-04-23 23:00:00,18.904,18.904,18.692,18.781,15984.61,300142.97057,2065,7712.44,144842.50048,,NEOUSDC,18.896438664972862,18.806076466488747,
2024-04-24 00:00:00,18.779,18.957,18.418,18.719,34476.090000000004,641593.12443,4521,13340.61,248067.40733,,NEOUSDC,18.806170025858417,18.8431258387805,
2024-04-24 01:00:00,18.721,18.941,18.668,18.768,12998.3,244244.89799,1886,6070.35,114109.45174,,NEOUSDC,18.72677076615145,18.736913826082255,
2024-04-24 02:00:00,18.782,18.808,18.522,18.595,15866.06,295903.06447,1846,8363.03,155948.47217,,NEOUSDC,18.784127205111087,18.745072548668357,
2024-04-24 03:00:00,18.607,18.733,18.584,18.651,7873.64,146882.42423,998,4128.65,77037.07403,,NEOUSDC,18.606364179539494,18.62829644853242,
2024-04-24 04:00:00,18.648,18.878,18.624,18.812,11917.24,223242.17389,1549,6607.12,123745.04577,,NEOUSDC,18.641775747165923,18.6386060317931,
2024-04-24 05:00:00,18.822,18.854,18.43,18.479,10430.45,193885.3419,1696,4571.53,85072.7406,,NEOUSDC,18.82344594320075,18.8321674638778,
2024-04-24 06:00:00,18.488,18.591,18.384,18.563,12517.82,231451.62042,1429,6368.42,117747.50455,,NEOUSDC,18.50148705926754,18.48487288376351,
2024-04-24 07:00:00,18.568,18.616,18.499,18.561,8769.92,162781.52959,1092,4473.07,83025.25066,,NEOUSDC,18.559252873563217,18.54067586888755,
2024-04-24 08:00:00,18.56,18.602,18.432,18.485,7489.86,138632.67892,1159,2711.67,50175.5155,,NEOUSDC,18.55014909217877,18.570708365171765,
2024-04-24 09:00:00,18.483,18.691,18.332,18.46,13226.52,244286.17163,1647,6979.24,128969.20917,,NEOUSDC,18.472260708586017,18.43126179410118,
2024-04-24 10:00:00,18.463,18.552,18.407,18.525,7963.41,147168.66874,1218,4153.72,76795.65775,,NEOUSDC,18.44182615451326,18.478931016186312,
2024-04-24 11:00:00,18.53,18.67,18.462,18.621,7195.18,133445.49599,975,3580.44,66420.67108,,NEOUSDC,18.514016896942245,18.49466483034294,
2024-04-24 12:00:00,18.607,18.882,18.451,18.602,29886.78,558738.11145,2951,16776.81,313795.99856,,NEOUSDC,18.59411109579125,18.68881596017271,
2024-04-24 13:00:00,18.599,18.61,18.301,18.364,17475.19,322302.52827,2026,7981.39,147176.2187,,NEOUSDC,18.60011001203048,18.546415410173516,
2024-04-24 14:00:00,18.357,18.469,17.888,18.136,29705.73,538719.15468,3096,13520.25,245487.6974,,NEOUSDC,18.365536365683404,18.38840289837781,
2024-04-24 15:00:00,18.142,18.142,17.814,17.97,14976.6,269076.8201,1969,7650.28,137408.94127,,NEOUSDC,18.11883081388318,18.0855329129924,
2024-04-24 16:00:00,17.943,18.136,17.888,18.059,13733.73,247036.13998,1811,7368.73,132575.37375,,NEOUSDC,17.936588293791733,17.981607938882906,
2024-04-24 17:00:00,18.065,18.216,18.029,18.201,35767.71,649467.07747,2179,19752.38,358582.38408,,NEOUSDC,18.04337096550769,18.066713404551987,
2024-04-24 18:00:00,18.198,18.268,18.011,18.107,11979.17,217359.93627,1734,6735.5,122215.95166,,NEOUSDC,18.147136,18.14798898982483,
2024-04-24 19:00:00,18.1,18.221,17.948,18.169,10054.75,182136.47514,1209,5189.97,94127.00054,,NEOUSDC,18.112502381824843,18.034613047782923,
2024-04-24 20:00:00,18.17,18.205,17.935,18.022,9218.17,166516.13314,1332,4929.92,89111.20296,,NEOUSDC,18.177400985792985,18.186190109628463,
2024-04-24 21:00:00,18.024,18.156,17.848,18.141,10885.58,196113.3389,1269,6365.58,114830.77189,,NEOUSDC,18.01945543478261,18.003476349615763,
2024-04-24 22:00:00,18.146,18.243,17.931,17.992,19164.63,346984.04313,2201,10025.38,181637.11101,,NEOUSDC,18.12953375158352,18.131690975678847,
2024-04-24 23:00:00,17.994,18.2,17.783,18.156,19939.76,358799.17446,2384,11402.77,205288.42324,,NEOUSDC,17.950174387750664,17.874128612179124,
2024-04-25 00:00:00,18.155,18.336,17.904,17.967,25836.44,466845.9746,3059,11931.91,215557.44453,,NEOUSDC,18.149995242864296,18.13431137208383,
2024-04-25 01:00:00,17.959,18.082,17.636,17.659,10011.47,179025.61708,1378,4181.68,74928.0318,,NEOUSDC,17.99426843189571,18.029415215414765,
2024-04-25 02:00:00,17.645,17.871,17.468,17.852,18983.14,337000.38753,2390,11005.78,195481.29033,,NEOUSDC,17.62598660768148,17.564937913346093,
2024-04-25 03:00:00,17.85,17.949,17.716,17.77,10101.01,180289.44262,1495,5005.43,89420.28148,,NEOUSDC,17.848692824262116,17.905758325974084,
2024-04-25 04:00:00,17.783,17.971,17.586,17.946,12800.26,227493.73522,1653,5650.07,100420.11521,,NEOUSDC,17.780755629657076,17.80463056289385,
2024-04-25 05:00:00,17.951,18.156,17.917,18.101,12389.72,223734.33698,1679,6012.22,108572.64583,,NEOUSDC,17.93825628034621,17.958043673078933,
2024-04-25 06:00:00,18.105,18.185,17.796,17.865,14388.1,258216.82086,1793,7315.47,131326.65288,,NEOUSDC,18.13723486636717,18.13178258399958,
2024-04-25 07:00:00,17.885,17.898,17.66,17.729,10576.87,187908.18533,1379,5505.16,97816.92395,,NEOUSDC,17.87748194504388,17.86911538848944,
2024-04-25 08:00:00,17.741,17.841,17.614,17.721,14129.61,250359.54333,1801,7822.43,138695.64587,,NEOUSDC,17.737515009223547,17.745558052793537,
2024-04-25 09:00:00,17.735,17.857,17.631,17.72,10846.09,192641.03304,1204,5240.78,93118.91893,,NEOUSDC,17.723966967160337,17.741490614617,
2024-04-25 10:00:00,17.709,17.709,17.436,17.564,16349.47,286711.93002,2134,8501.07,149109.34342,,NEOUSDC,17.67972286108556,17.66385251692018,
2024-04-25 11:00:00,17.57,17.791,17.567,17.701,9828.49,173937.03097,1245,4848.77,85822.39954,,NEOUSDC,17.6242578782297,17.612879015870885,
2024-04-25 12:00:00,17.706,17.87,17.468,17.485,10141.45,179329.67268000002,1428,5626.76,99566.20749,,NEOUSDC,17.69965032141091,17.682469417759734,
2024-04-25 13:00:00,17.492,17.571,17.318,17.532,8767.78,153141.31593,1629,4807.1900000000005,83991.21179,,NEOUSDC,17.510855804360638,17.5031496813187,
2024-04-25 14:00:00,17.564,17.712,17.493,17.557,10619.1,187015.67968,1550,5603.94,98685.39963,,NEOUSDC,17.564736556710347,17.534325359806672,
2024-04-25 15:00:00,17.552,17.835,17.512,17.806,7631.15,134993.2734,1118,3965.52,70164.62899,,NEOUSDC,17.56746373730215,17.585670221895217,
2024-04-25 16:00:00,17.808,17.872,17.7,17.839,8210.02,146065.22946,1308,4582.08,81557.76287,,NEOUSDC,17.77785997048355,17.814063715795317,
2024-04-25 17:00:00,17.838,17.925,17.789,17.882,7563.98,135022.67832,1000,3940.65,70355.7767,,NEOUSDC,17.833696210801392,17.85668513909484,
2024-04-25 18:00:00,17.868,17.958,17.762,17.881,11479.86,205152.10903,1296,6251.83,111770.71458,,NEOUSDC,17.860985876276178,17.804042551346942,
2024-04-25 19:00:00,17.878,17.878,17.681,17.753,4353.57,77296.26005,750,2036.55,36174.90471,,NEOUSDC,17.87237357318307,17.838814979258974,
2024-04-25 20:00:00,17.754,17.871,17.691,17.868,4806.57,85521.39954,834,2775.09,49376.47386,,NEOUSDC,17.752738341556583,17.792850763303292,
2024-04-25 21:00:00,17.86,18.019,17.847,17.878,7157.07,128235.05804,971,3676.42,65890.94671,,NEOUSDC,17.869440350255605,17.867082045275815,
2024-04-25 22:00:00,17.866,17.866,17.671,17.697,6662.71,118587.09763,1010,2771.86,49311.16251,,NEOUSDC,17.862053186998736,17.846960261324835,
2024-04-25 23:00:00,17.692,17.753,17.635,17.661,3860.94,68268.50437,736,1972.66,34883.53624,,NEOUSDC,17.68260931416592,17.693558488182298,
